GT-C7000-2oa1,10.82.20.162,GT-C7000-2oa2,10.82.20.163
IEATC7000-344oa1,10.232.63.4,IEATC7000-344oa2,10.232.63.5
IEATC7000-346oa1,10.232.63.26,IEATC7000-346oa2,10.232.63.27
atc7000-102oa1,10.45.210.230,atc7000-102oa2,10.45.210.231
atc7000-104oa1,10.45.211.193,atc7000-104oa2,10.45.211.194
atc7000-106oa1,10.45.211.5,atc7000-106oa2,10.45.211.6
atc7000-10oa1,10.44.28.179,atc7000-10oa2,10.44.28.180
atc7000-111oa1,10.151.55.26,atc7000-111oa2,10.151.55.27
atc7000-116oa1,10.82.16.81,atc7000-116oa2,10.82.16.82
atc7000-118oa1,10.82.16.160,atc7000-118oa2,10.82.16.161
atc7000-121oa1,10.82.19.36,atc7000-121oa2,10.82.19.37
atc7000-122oa1,10.82.16.210,atc7000-122oa2,10.82.16.211
atc7000-124oa1,10.82.19.132,atc7000-124oa2,10.82.19.133
atc7000-12oa1,10.45.208.228,atc7000-12oa2,10.45.208.229
atc7000-131oa1,10.82.17.49,atc7000-131oa2,10.82.17.50
atc7000-133oa1,10.82.17.97,atc7000-133oa2,10.82.17.98
atc7000-134oa1,10.82.17.225,atc7000-134oa2,10.82.17.226
atc7000-135oa1,10.82.18.63,atc7000-135oa2,10.82.18.64
atc7000-138oa1,10.82.18.27,atc7000-138oa2,10.82.18.28
atc7000-141oa1,10.151.40.15,atc7000-141oa2,10.151.40.16
atc7000-145oa1,10.32.228.65,atc7000-145oa2,10.32.228.66
atc7000-147oa1,10.82.19.158,atc7000-147oa2,10.82.19.159
atc7000-148oa1,10.151.40.39,atc7000-148oa2,10.151.40.40
atc7000-149oa1,10.82.19.191,atc7000-149oa2,10.82.19.192
atc7000-150oa1,10.44.84.94,atc7000-150oa2,10.44.84.95
atc7000-151oa1,10.44.84.118,atc7000-151oa2,10.44.84.119
atc7000-155oa1,10.151.55.48,atc7000-155oa2,10.151.55.49
atc7000-156oa1,10.32.229.52,atc7000-156oa2,10.32.229.53
atc7000-158oa1,10.32.228.22,atc7000-158oa2,10.32.228.23
atc7000-159oa1,10.32.229.1,atc7000-159oa2,10.32.229.2
atc7000-160oa1,10.32.229.76,atc7000-160oa2,10.32.229.77
atc7000-22oa1,10.44.28.99,atc7000-22oa2,10.44.28.100
atc7000-241oa1,10.82.17.127,atc7000-241oa2,10.82.17.128
atc7000-24oa1,10.44.200.98,atc7000-24oa2,10.44.200.99
atc7000-2oa1,10.0.9.3
atc7000-32oa1,10.44.201.117,atc7000-32oa2,10.44.201.118
atc7000-37oa1,10.44.92.25,atc7000-37oa2,10.44.92.26
atc7000-40oa1,10.44.92.68,atc7000-40oa2,10.44.92.69
atc7000-43oa1,10.44.92.195,atc7000-43oa2,10.44.92.196
atc7000-48oa1,10.44.94.59,atc7000-48oa2,10.44.94.60
atc7000-50oa1,10.44.94.89,atc7000-50oa2,10.44.94.90
atc7000-52oa1,10.44.94.139,atc7000-52oa2,10.44.94.140
atc7000-59oa1,10.44.93.106,atc7000-59oa2,10.44.93.107
atc7000-62oa1,10.44.93.154,atc7000-62oa2,10.44.93.155
atc7000-63oa1,10.36.49.96,atc7000-63oa2,10.36.49.97
atc7000-64oa1,10.45.208.61,atc7000-64oa2,10.45.208.62
atc7000-67oa1,10.44.84.3,atc7000-67oa2,10.44.84.4
atc7000-68oa1,10.36.48.30,atc7000-68oa2,10.36.48.31
atc7000-69oa1,10.151.55.4,atc7000-69oa2,10.151.55.5
atc7000-71oa1,10.44.84.33,atc7000-71oa2,10.44.84.34
atc7000-72oa1,10.36.48.80,atc7000-72oa2,10.36.48.81
atc7000-73oa1,10.36.48.54,atc7000-73oa2,10.36.48.55
atc7000-77oa1,10.36.49.27,atc7000-77oa2,10.36.49.28
atc7000-83oa1,10.45.208.28,atc7000-83oa2,10.45.208.29
atc7000-85oa1,10.32.236.200,atc7000-85oa2,10.32.236.201
atc7000-89oa1,10.45.208.200,atc7000-89oa2,10.45.208.201
atc7000-91oa1,10.45.209.65,atc7000-91oa2,10.45.209.66
atc7000-93oa1,10.45.209.188,atc7000-93oa2,10.45.209.189
atc7000-94oa1,10.45.210.2,atc7000-94oa2,10.45.210.3
atc7000-97oa1,10.44.84.55,atc7000-97oa2,10.44.84.56
etmc7000-10oa1,10.151.33.60,etmc7000-10oa2,10.151.33.61
gt-c7000-13oa1,10.151.20.36,gt-c7000-13oa2,10.151.20.37
gtc7000-23oa1,10.149.77.207,gtc7000-23oa2,10.149.77.208
gtc7000-36oa1,10.149.77.231,gtc7000-36oa2,10.149.77.232
ieatc7000-101oa1,10.149.84.214,ieatc7000-101oa2,10.149.84.215
ieatc7000-109oa1,10.151.61.196,ieatc7000-109oa2,10.151.61.197
ieatc7000-110oa1,10.149.84.190,ieatc7000-110oa2,10.149.84.191
ieatc7000-115oa1,10.151.52.4,ieatc7000-115oa2,10.151.52.5
ieatc7000-117oa1,10.224.44.105,ieatc7000-117oa2,10.224.44.106
ieatc7000-120oa1,10.151.52.26,ieatc7000-120oa2,10.151.52.27
ieatc7000-127oa1,10.151.40.12,ieatc7000-127oa2,10.151.40.13
ieatc7000-13oa1,10.232.180.4,ieatc7000-13oa2,10.232.180.5
ieatc7000-144oa1,10.151.32.4,ieatc7000-144oa2,10.151.32.5
ieatc7000-152oa1,10.149.84.161,ieatc7000-152oa2,10.149.84.162
ieatc7000-154oa1,10.151.41.87,ieatc7000-154oa2,10.151.41.88
ieatc7000-161oa1,10.151.52.48,ieatc7000-161oa2,10.151.52.49
ieatc7000-162oa1,10.32.231.168,ieatc7000-162oa2,10.32.231.169
ieatc7000-163oa1,10.151.47.148,ieatc7000-163oa2,10.151.47.149
ieatc7000-164oa1,10.224.45.167,ieatc7000-164oa2,10.224.45.168
ieatc7000-165oa1,10.150.109.4,ieatc7000-165oa2,10.150.109.5
ieatc7000-166oa1,10.32.229.182,ieatc7000-166oa2,10.32.229.183
ieatc7000-167oa1,10.32.230.137,ieatc7000-167oa2,10.32.230.138
ieatc7000-168oa1,10.151.61.218,ieatc7000-168oa2,10.151.61.219
ieatc7000-169oa1,10.32.229.219,ieatc7000-169oa2,10.32.229.220
ieatc7000-170oa1,10.224.44.4,ieatc7000-170oa2,10.224.44.5
ieatc7000-171oa1,10.32.230.53,ieatc7000-171oa2,10.32.230.54
ieatc7000-174oa1,10.151.47.174,ieatc7000-174oa2,10.151.47.175
ieatc7000-175oa1,10.32.230.85,ieatc7000-175oa2,10.32.230.86
ieatc7000-176oa1,10.32.230.109,ieatc7000-176oa2,10.32.230.110
ieatc7000-177oa1,10.32.231.72,ieatc7000-177oa2,10.32.231.73
ieatc7000-178oa1,10.32.231.96,ieatc7000-178oa2,10.32.231.97
ieatc7000-179oa1,10.151.34.175,ieatc7000-179oa2,10.151.34.176
ieatc7000-180oa1,10.32.231.144,ieatc7000-180oa2,10.32.231.145
ieatc7000-181oa1,10.232.63.112,ieatc7000-181oa2,10.232.63.113
ieatc7000-182oa1,10.232.223.13,ieatc7000-182oa2,10.232.223.14
ieatc7000-183oa1,10.151.52.70,ieatc7000-183oa2,10.151.52.71
ieatc7000-184oa1,10.32.230.189,ieatc7000-184oa2,10.32.230.190
ieatc7000-185oa1,10.232.179.57,ieatc7000-185oa2,10.232.179.58
ieatc7000-186oa1,10.32.230.236,ieatc7000-186oa2,10.32.230.237
ieatc7000-187oa1,10.32.237.124,ieatc7000-187oa2,10.32.237.125
ieatc7000-189oa1,10.32.236.86,ieatc7000-189oa2,10.32.236.87
ieatc7000-190oa1,10.149.84.137,ieatc7000-190oa2,10.149.84.138
ieatc7000-191oa1,10.32.236.226,ieatc7000-191oa2,10.32.236.227
ieatc7000-192oa1,10.32.236.5,ieatc7000-192oa2,10.32.236.6
ieatc7000-193oa1,10.224.45.191,ieatc7000-193oa2,10.224.45.192
ieatc7000-194oa1,10.32.237.148,ieatc7000-194oa2,10.32.237.149
ieatc7000-195oa1,10.44.94.163,ieatc7000-195oa2,10.44.94.164
ieatc7000-196oa1,10.141.5.56,ieatc7000-196oa2,10.141.5.57
ieatc7000-197oa1,10.32.237.100,ieatc7000-197oa2,10.32.237.101
ieatc7000-198oa1,10.151.46.5,ieatc7000-198oa2,10.151.46.6
ieatc7000-199oa1,10.151.46.29,ieatc7000-199oa2,10.151.46.30
ieatc7000-200oa1,10.151.46.53,ieatc7000-200oa2,10.151.46.54
ieatc7000-201oa1,10.151.46.77,ieatc7000-201oa2,10.151.46.78
ieatc7000-202oa1,10.151.46.101,ieatc7000-202oa2,10.151.46.102
ieatc7000-203oa1,10.151.52.136,ieatc7000-203oa2,10.151.52.137
ieatc7000-204oa1,10.82.19.220,ieatc7000-204oa2,10.82.19.221
ieatc7000-205oa1,10.151.46.125,ieatc7000-205oa2,10.151.46.126
ieatc7000-206oa1,10.232.63.152,ieatc7000-206oa2,10.232.63.153
ieatc7000-208oa1,10.151.32.123,ieatc7000-208oa2,10.151.32.124
ieatc7000-209oa1,10.151.32.147,ieatc7000-209oa2,10.151.32.148
ieatc7000-210oa1,10.151.32.198,ieatc7000-210oa2,10.151.32.199
ieatc7000-211oa1,10.151.46.149,ieatc7000-211oa2,10.151.46.150
ieatc7000-212oa1,10.151.32.51,ieatc7000-212oa2,10.151.32.52
ieatc7000-213oa1,10.151.32.222,ieatc7000-213oa2,10.151.32.223
ieatc7000-214oa1,10.151.41.38,ieatc7000-214oa2,10.151.41.39
ieatc7000-215oa1,10.151.179.82,ieatc7000-215oa2,10.151.179.83
ieatc7000-216oa1,10.151.47.4,ieatc7000-216oa2,10.151.47.5
ieatc7000-217oa1,10.151.47.28,ieatc7000-217oa2,10.151.47.29
ieatc7000-218oa1,10.224.45.47,ieatc7000-218oa2,10.224.45.48
ieatc7000-219oa1,10.151.41.111,ieatc7000-219oa2,10.151.41.112
ieatc7000-220oa1,10.151.47.76,ieatc7000-220oa2,10.151.47.77
ieatc7000-221oa1,10.151.47.100,ieatc7000-221oa2,10.151.47.101
ieatc7000-222oa1,10.151.40.157,ieatc7000-222oa2,10.151.40.158
ieatc7000-223oa1,10.151.52.92,ieatc7000-223oa2,10.151.52.93
ieatc7000-224oa1,10.151.47.52,ieatc7000-224oa2,10.151.47.53
ieatc7000-225oa1,10.224.44.181,ieatc7000-225oa2,10.224.44.182
ieatc7000-226oa1,10.224.45.23,ieatc7000-226oa2,10.224.45.24
ieatc7000-228oa1,10.151.52.114,ieatc7000-228oa2,10.151.52.115
ieatc7000-229oa1,10.151.40.205,ieatc7000-229oa2,10.151.40.206
ieatc7000-230oa1,10.151.40.229,ieatc7000-230oa2,10.151.40.230
ieatc7000-231oa1,10.151.40.181,ieatc7000-231oa2,10.151.40.182
ieatc7000-232oa1,10.151.33.199,ieatc7000-232oa2,10.151.33.200
ieatc7000-233oa1,10.82.16.116,ieatc7000-233oa2,10.82.16.117
ieatc7000-234oa1,10.151.64.151,ieatc7000-234oa2,10.151.64.152
ieatc7000-235oa1,10.151.41.146,ieatc7000-235oa2,10.151.41.147
ieatc7000-236oa1,10.151.41.170,ieatc7000-236oa2,10.151.41.171
ieatc7000-237oa1,10.224.44.255,ieatc7000-237oa2,10.224.45.0
ieatc7000-239oa1,10.151.179.138,ieatc7000-239oa2,10.151.179.139
ieatc7000-243oa1,10.232.225.23,ieatc7000-243oa2,10.232.225.24
ieatc7000-244oa1,10.44.85.46,ieatc7000-244oa2,10.44.85.47
ieatc7000-245oa,10.151.179.114,ieatc7000-245oa2,10.151.179.115
ieatc7000-246oa1,10.32.236.29,ieatc7000-246oa2,10.32.236.30
ieatc7000-247oa1,10.151.69.9,ieatc7000-247oa2,10.151.69.10
ieatc7000-248oa1,10.151.53.4,ieatc7000-248oa2,10.151.53.5
ieatc7000-249oa1,10.141.5.32,ieatc7000-249oa2,10.141.5.33
ieatc7000-250oa1,10.151.33.143,ieatc7000-250oa2,10.151.33.144
ieatc7000-251oa1,10.151.42.26,ieatc7000-251oa2,10.151.42.27
ieatc7000-252oa1,10.151.42.50,ieatc7000-252oa2,10.151.42.51
ieatc7000-253oa1,10.151.33.167,ieatc7000-253oa2,10.151.33.168
ieatc7000-254oa1,10.151.42.88,ieatc7000-254oa2,10.151.42.89
ieatc7000-255oa1,10.151.42.112,ieatc7000-255oa2,10.151.42.113
ieatc7000-256oa1,10.151.53.26,ieatc7000-256oa2,10.151.53.27
ieatc7000-257oa1,10.151.53.48,ieatc7000-257oa2,10.151.53.49
ieatc7000-258oa1,10.151.53.70,ieatc7000-258oa2,10.151.53.71
ieatc7000-259oa1,10.151.53.92,ieatc7000-259oa2,10.151.53.93
ieatc7000-260oa1,10.151.53.114,ieatc7000-260oa2,10.151.53.115
ieatc7000-261oa1,10.151.53.136,ieatc7000-261oa2,10.151.53.137
ieatc7000-262oa1,10.151.34.57,ieatc7000-262oa2,10.151.34.58
ieatc7000-263oa1,10.151.34.81,ieatc7000-263oa2,10.151.34.82
ieatc7000-264oa1,10.151.33.84,ieatc7000-264oa2,10.151.33.85
ieatc7000-265oa1,10.151.33.107,ieatc7000-265oa2,10.151.33.108
ieatc7000-266oa1,10.151.33.232,ieatc7000-266oa2,10.151.33.233
ieatc7000-267oa1,10.151.34.1,ieatc7000-267oa2,10.151.34.2
ieatc7000-268oa1,10.0.9.81,ieatc7000-268oa2,10.0.9.108
ieatc7000-269oa1,10.0.9.32,ieatc7000-269oa2,10.0.9.33
ieatc7000-270oa1,10.151.43.193,ieatc7000-270oa2,10.151.43.194
ieatc7000-271oa1,10.151.179.22,ieatc7000-271oa2,10.151.179.23
ieatc7000-272oa1,10.151.54.4,ieatc7000-272oa2,10.151.54.5
ieatc7000-273oa1,10.151.54.26,ieatc7000-273oa2,10.151.54.27
ieatc7000-274oa1,10.151.54.48,ieatc7000-274oa2,10.151.54.49
ieatc7000-275oa1,10.151.54.70,ieatc7000-275oa2,10.151.54.71
ieatc7000-276oa1,10.151.54.92,ieatc7000-276oa2,10.151.54.93
ieatc7000-277oa1,10.151.54.114,ieatc7000-277oa2,10.151.54.115
ieatc7000-278oa1,10.151.54.136,ieatc7000-278oa2,10.151.54.137
ieatc7000-279oa1,10.232.180.106,ieatc7000-279oa2,10.232.180.107
ieatc7000-280oa1,10.232.180.130,ieatc7000-280oa2,10.232.180.131
ieatc7000-281oa1,10.151.34.114,ieatc7000-281oa2,10.151.34.115
ieatc7000-282oa1,10.151.42.240,ieatc7000-282oa2,10.151.42.241
ieatc7000-283oa1,10.151.35.184,ieatc7000-283oa2,10.151.35.185
ieatc7000-284oa1,10.151.34.146,ieatc7000-284oa2,10.151.34.147
ieatc7000-285oa1,10.151.43.9,ieatc7000-285oa2,10.151.43.10
ieatc7000-286oa1,10.151.60.114,ieatc7000-286oa2,10.151.60.115
ieatc7000-287oa1,10.151.34.252,ieatc7000-287oa2,10.151.34.253
ieatc7000-288oa1,10.151.35.21,ieatc7000-288oa2,10.151.35.22
ieatc7000-289oa1,10.151.35.53,ieatc7000-289oa2,10.151.35.54
ieatc7000-290oa1,10.151.35.77,ieatc7000-290oa2,10.151.35.78
ieatc7000-291oa1,10.151.35.110,ieatc7000-291oa2,10.151.35.111
ieatc7000-292oa1,10.151.60.4,ieatc7000-292oa2,10.151.60.5
ieatc7000-293oa1,10.151.35.134,ieatc7000-293oa2,10.151.35.135
ieatc7000-294oa1,10.151.60.136,ieatc7000-294oa2,10.151.60.137
ieatc7000-295oa1,10.224.45.95,ieatc7000-295oa2,10.224.45.96
ieatc7000-296oa1,10.151.43.57,ieatc7000-296oa2,10.151.43.58
ieatc7000-297oa1,10.224.45.119,ieatc7000-297oa2,10.224.45.120
ieatc7000-298oa1,10.151.34.199,ieatc7000-298oa2,10.151.34.200
ieatc7000-299oa1,10.151.60.26,ieatc7000-299oa2,10.151.60.27
ieatc7000-300oa1,10.151.60.48,ieatc7000-300oa2,10.151.60.49
ieatc7000-301oa1,10.151.60.70,ieatc7000-301oa2,10.151.60.71
ieatc7000-302oa1,10.151.60.92,ieatc7000-302oa2,10.151.60.93
ieatc7000-303oa1,10.32.231.120,ieatc7000-303oa2,10.32.231.121
ieatc7000-304oa1,10.141.4.9,ieatc7000-304oa2,10.141.4.10
ieatc7000-305oa1,10.141.4.33,ieatc7000-305oa2,10.141.4.34
ieatc7000-306oa1,10.151.43.89,ieatc7000-306oa2,10.151.43.90
ieatc7000-307oa1,10.151.43.113,ieatc7000-307oa2,10.151.43.114
ieatc7000-308oa1,10.45.208.53,ieatc7000-308oa2,10.45.208.98
ieatc7000-309oa1,10.224.44.231,ieatc7000-309oa2,10.224.44.232
ieatc7000-310oa1,10.151.43.142,ieatc7000-310oa2,10.151.43.143
ieatc7000-311oa1,10.151.43.166,ieatc7000-311oa2,10.151.43.167
ieatc7000-312oa1,10.42.35.119,ieatc7000-312oa2,10.42.35.120
ieatc7000-315oa1,10.224.44.207,ieatc7000-315oa2,10.224.44.208
ieatc7000-316oa1,10.232.180.28,ieatc7000-316oa2,10.232.180.29
ieatc7000-317oa1,10.151.63.92,ieatc7000-317oa2,10.151.63.93
ieatc7000-318oa1,10.224.45.215,ieatc7000-318oa2,10.224.45.216
ieatc7000-319oa1,10.151.63.41,ieatc7000-319oa2,10.151.63.42
ieatc7000-320oa1,10.151.62.115,ieatc7000-320oa2,10.151.62.116
ieatc7000-321oa1,10.151.11.117,ieatc7000-321oa2,10.151.11.118
ieatc7000-322oa1,10.151.11.141,ieatc7000-322oa2,10.151.11.142
ieatc7000-323oa1,10.151.62.58,ieatc7000-323oa2,10.151.62.59
ieatc7000-324oa1,10.151.62.7,ieatc7000-324oa2,10.151.62.8
ieatc7000-325oa1,10.151.62.141,ieatc7000-325oa2,10.151.62.142
ieatc7000-326oa1,10.151.62.82,ieatc7000-326oa2,10.151.62.83
ieatc7000-327oa1,10.151.11.165,ieatc7000-327oa2,10.151.11.166
ieatc7000-328oa1,10.151.62.31,ieatc7000-328oa2,10.151.62.32
ieatc7000-329oa1,10.151.11.189,ieatc7000-329oa2,10.151.11.190
ieatc7000-330oa1,10.232.86.154,ieatc7000-330oa2,10.232.86.155
ieatc7000-331oa1,10.151.62.171,ieatc7000-331oa2,10.151.62.172
ieatc7000-332oa1,10.151.62.195,ieatc7000-332oa2,10.151.62.196
ieatc7000-333oa1,10.151.62.219,ieatc7000-333oa2,10.151.62.220
ieatc7000-334oa1,10.151.62.243,ieatc7000-334oa2,10.151.62.244
ieatc7000-335oa1,10.151.63.68,ieatc7000-335oa2,10.151.63.69
ieatc7000-336oa1,10.151.63.183,ieatc7000-336oa2,10.151.63.184
ieatc7000-337oa1,10.149.24.4,ieatc7000-337oa2,10.149.24.5
ieatc7000-338oa1,10.149.24.28,ieatc7000-338oa2,10.149.24.29
ieatc7000-339oa1,10.82.16.159,ieatc7000-339oa2,10.82.16.236
ieatc7000-340oa1,10.149.24.56,ieatc7000-340oa2,10.149.24.57
ieatc7000-341oa1,10.141.4.100,ieatc7000-341oa2,10.141.4.101
ieatc7000-342oa1,10.141.4.120,ieatc7000-342oa2,10.141.4.121
ieatc7000-343oa1,10.141.4.140,ieatc7000-343oa2,10.141.4.141
ieatc7000-345oa1,10.149.85.16,ieatc7000-345oa2,10.149.85.17
ieatc7000-348oa1,10.151.41.10,ieatc7000-348oa2,10.151.41.11
ieatc7000-349oa1,10.151.41.56,ieatc7000-349oa2,10.151.41.57
ieatc7000-34oa1,10.149.85.41,ieatc7000-34oa2,10.149.85.42
ieatc7000-350oa1,10.149.24.85,ieatc7000-350oa2,10.149.24.86
ieatc7000-351oa1,10.82.16.13,ieatc7000-351oa2,10.82.16.14
ieatc7000-352oa1,10.232.180.154,ieatc7000-352oa2,10.232.180.155
ieatc7000-354oa1,10.36.48.168,ieatc7000-354oa2,10.36.48.169
ieatc7000-355oa1,10.141.4.207,ieatc7000-355oa2,10.141.4.208
ieatc7000-356oa1,10.224.52.6,ieatc7000-356oa2,10.224.52.7
ieatc7000-357oa1,10.224.52.28,ieatc7000-357oa2,10.224.52.29
ieatc7000-358oa1,10.224.52.50,ieatc7000-358oa2,10.224.52.51
ieatc7000-359oa1,10.141.4.160,ieatc7000-359oa2,10.141.4.161
ieatc7000-360oa1,10.151.43.217,ieatc7000-360oa2,10.151.43.218
ieatc7000-361oa1,10.45.211.29,ieatc7000-361oa2,10.45.211.30
ieatc7000-362oa1,10.224.52.72,ieatc7000-362oa2,10.224.52.73
ieatc7000-363oa1,10.141.4.234,ieatc7000-363oa2,10.141.4.235
ieatc7000-367oa1,10.232.179.103,ieatc7000-367oa2,10.232.179.104
ieatc7000-369oa1,10.224.45.71,ieatc7000-369oa2,10.224.45.72
ieatc7000-370oa1,10.224.52.106,ieatc7000-370oa2,10.224.52.107
ieatc7000-371oa1,10.224.52.128,ieatc7000-371oa2,10.224.52.129
ieatc7000-372oa1,10.224.52.150,ieatc7000-372oa2,10.224.52.151
ieatc7000-373oa1,10.224.52.172,ieatc7000-373oa2,10.224.52.173
ieatc7000-374oa1,10.232.86.52,ieatc7000-374oa2,10.232.86.53
ieatc7000-375oa1,10.232.86.121,ieatc7000-375oa2,10.232.86.122
ieatc7000-376oa1,10.224.45.143,ieatc7000-376oa2,10.224.45.144
ieatc7000-377oa1,10.151.184.4,ieatc7000-377oa2,10.151.184.5
ieatc7000-378oa1,10.151.184.52,ieatc7000-378oa2,10.151.184.53
ieatc7000-379oa1,10.151.184.76,ieatc7000-379oa2,10.151.184.77
ieatc7000-380oa1,10.151.184.28,ieatc7000-380oa2,10.151.184.29
ieatc7000-381oa1,10.151.184.100,ieatc7000-381oa2,10.151.184.101
ieatc7000-384oa1,10.45.209.114,ieatc7000-384oa2,10.45.209.115
ieatc7000-385oa1,10.45.210.52,ieatc7000-385oa2,10.45.210.53
ieatc7000-386oa1,10.151.32.246,ieatc7000-386oa2,10.151.32.247
ieatc7000-388oa1,10.224.53.100,ieatc7000-388oa2,10.224.53.101
ieatc7000-391oa1,10.149.84.58,ieatc7000-391oa2,10.149.84.59
ieatc7000-392oa1,10.149.84.82,ieatc7000-392oa2,10.149.84.83
ieatc7000-393oa1,10.149.78.92,ieatc7000-393oa2,10.149.78.93
ieatc7000-394oa1,10.224.53.212,ieatc7000-394oa2,10.224.53.213
ieatc7000-395oa1,10.151.179.58,ieatc7000-395oa2,10.151.179.59
ieatc7000-396oa1,10.151.140.61,ieatc7000-396oa2,10.151.140.62
ieatc7000-397oa1,10.151.140.85,ieatc7000-397oa2,10.151.140.86
ieatc7000-398oa1,10.151.179.165,ieatc7000-398oa2,10.151.179.166
ieatc7000-399oa1,10.151.179.189,ieatc7000-399oa2,10.151.179.190
ieatc7000-400oa1,10.149.25.122,ieatc7000-400oa2,10.149.25.123
ieatc7000-401oa1,10.149.25.146,ieatc7000-401oa2,10.149.25.147
ieatc7000-402oa1,10.232.86.4,ieatc7000-402oa2,10.232.86.5
ieatc7000-403oa1,10.232.86.28,ieatc7000-403oa2,10.232.86.29
ieatc7000-404oa1,10.232.115.4,ieatc7000-404oa2,10.232.115.5
ieatc7000-405oa1,10.151.63.140,ieatc7000-405oa2,10.151.63.141
ieatc7000-406oa1,10.232.86.178,ieatc7000-406oa2,10.232.86.179
ieatc7000-407oa1,10.232.86.202,ieatc7000-407oa2,10.232.86.203
ieatc7000-408oa1,10.232.86.226,ieatc7000-408oa2,10.232.86.227
ieatc7000-44oa1,10.149.84.5,ieatc7000-44oa2,10.149.84.6
ieatc7000-65oa1,10.232.63.88,ieatc7000-65oa2,10.232.63.89
ieatc7000-76oa1,10.151.35.160,ieatc7000-76oa2,10.151.35.161
ieatc7000-81oa1,10.224.44.26,ieatc7000-81oa2,10.224.44.27
ieatc7000-90oa1,10.232.180.82,ieatc7000-90oa2,10.232.180.83
ieatc7000-95oa1,10.224.44.57,ieatc7000-95oa2,10.224.44.58
ieatc7000-98oa1,10.224.44.81,ieatc7000-98oa2,10.224.44.82
ieatc7000-vfarm2oa1,10.151.11.84,ieatc7000-vfarm2oa2,10.151.11.85
ieatc7000-vfarmoa1,10.151.11.58,ieatc7000-vfarmoa2,10.151.11.59
ieatdoc7000-136oa1,10.149.84.238,ieatdoc7000-136oa2,10.149.84.239
ieatdoc7000-17oa1,10.224.53.65,ieatdoc7000-17oa2,10.224.53.66
ieatdoc7000-364oa1,10.232.232.8,ieatdoc7000-364oa2,10.232.232.9
ieatdoc7000-365oa1,10.232.232.32,ieatdoc7000-365oa2,10.232.232.33
ieatdoc7000-366oa1,10.232.232.56,ieatdoc7000-366oa2,10.232.232.57
ieatdoc7000-382oa1,10.224.53.11,ieatdoc7000-382oa2,10.224.53.12
ieatdoc7000-387oa1,10.224.53.41,ieatdoc7000-387oa2,10.224.53.42
ieatdoc7000-389oa1,10.224.53.128,ieatdoc7000-389oa2,10.224.53.129
iegtc7000-14oa1,10.151.20.12,iegtc7000-14oa2,10.151.20.13
iegtc7000-15oa1,192.168.164.36,iegtc7000-15oa2,192.168.164.37
iegtc7000-227oa1,192.168.164.7,iegtc7000-227oa2,192.168.164.8
iegtc7000-324oa1,10.149.25.61,iegtc7000-324oa2,10.149.25.62
iegtc7000-325oa1,10.149.25.85,iegtc7000-325oa2,10.149.25.86
